feature_name,rep
acara,
ada,
adam,
adem,
admin,
adu,
agung,
agustus,
ajar,
aju,
akses,
aksi,
aktif,
akun,
alam,
alamat,
alas,
alat,
aman,
ampun,
amti,
anak,
anda,
andal,
andayani,
angel,
anggap,
anggota,
angsu,
antusias,
aplikasi,
apotek,
asa,
asik,
atas,
atmosfer,
auto,
ayo,
ayu,
badan,
bagus,
baik,
balikpapan,
balita,
bangga,
banteng,
bantu,
barang,
barat,
baru,
batas,
bau,
bawa,
bayar,
bayi,
bekas,
belah,
benah,
benar,
bengkak,
berak,
berangkat,
berat,
berita,
bersih,
bet,
biaya,
bibis,
bicara,
bidang,
bikin,
bilamana,
bilas,
bintang,
bisa,
bismillah,
bocor,
bola,
bolak,
bor,
bos,
bosan,
bot,
botol,
bratang,
buah,
buang,
buat,
buka,
bukan,
bukti,
bulak,
bumd,
bunga,
buntu,
buruk,
busa,
buset,
butuh,
cabut,
cadang,
call,
camat,
canggih,
cari,
catat,
cek,
center,
cepat,
chat,
cik,
cis,
cm,
coba,
cocok,
coklat,
cs,
cuci,
culvert,
cumpat,
dadak,
daerah,
daftar,
damkar,
dampak,
dapat,
dapur,
dar,
daring,
darurat,
datang,
daya,
debit,
delima,
denda,
deras,
diam,
diet,
dikit,
dingin,
dirgahayu,
dirut,
diskon,
distribusi,
dm,
doang,
drastis,
driyorejo,
dukuh,
ecek,
editor,
efek,
efisien,
efisiensi,
ember,
emis,
emosi,
enak,
endap,
eror,
estimasi,
evaluasi,
feed,
fitur,
fleksibilitas,
form,
gagal,
gali,
galon,
gang,
ganggu,
ganti,
garap,
gas,
gayung,
gede,
gepuk,
gerak,
giat,
gila,
gilir,
gita,
gorong-gorong,
got,
grafik,
gratis,
gresik,
gubris,
guna,
gunung,
habis,
habuk,
hak,
hambat,
hapus,
harga,
hari,
haru,
hasil,
hati,
helikopter,
hemat,
henti,
hilang,
hitam,
hitung,
hormat,
hubung,
ibadah,
ide,
ijin,
ikut,
imbas,
indah,
indekos,
india,
indonesia,
industri,
informasi,
informatif,
ingat,
inovasi,
inovatif,
instagram,
instalasi,
instansi,
internet,
inti,
isi,
izin,
jabat,
jadi,
jadwal,
jaga,
jalan,
jambang,
jambi,
jangkau,
jarak,
jarang,
jaring,
jasa,
jawab,
jaya,
jelata,
jemur,
jojoran,
jos,
jual,
juara,
jujur,
kacau,
kadang,
kagum,
kait,
kalah,
kali,
kalijaran,
kalikepiting,
kamar,
kamis,
kampung,
kang,
kantor,
kapas,
kapasmadya,
kaporit,
karah,
karangpilang,
karbon,
kari,
kaya,
kayak,
kebonsari,
kebraon,
kecewa,
kecil,
kedung,
kelas,
kelola,
keluar,
keluarga,
keluh,
kembang,
kemlaten,
kempes,
kenal,
kenan,
kencang,
kendal,
kenjeran,
keputran,
keran,
keras,
keren,
kerja,
kerto,
ketimbang,
ketua,
kg,
khalayak,
khusus,
kidul,
kira,
kirim,
kisar,
kk,
klakah,
klumprik,
koar,
kode,
kolom,
komentar,
komitmen,
kompensasi,
komplain,
komunikasi,
komunitas,
kondisi,
konsultasi,
konsumen,
konsumsi,
kontak,
kontraktor,
koordinasi,
kos,
kota,
kotak,
kotor,
krampung,
kreatif,
krembangan,
krusial,
kualitas,
kupang,
kurleb,
kutisari,
laku,
lama,
lambat,
lancar,
langgan,
langkah,
langsung,
lanjar,
lanjur,
lapor,
larang,
lari,
layak,
layan,
layar,
lelah,
lelet,
lengkap,
libur,
lihat,
lintas,
lipat,
listrik,
lokasi,
loket,
lontar,
lor,
loyal,
lumpur,
lunas,
lupa,
lurah,
macet,
madam,
maghrib,
mahal,
main,
makan,
maksimal,
malam,
mall,
mandi,
mandiri,
mandor,
manfaat,
mantab,
mantap,
manukan,
manusia,
manyala,
mari,
masak,
masuk,
masyarakat,
matahari,
mati,
media,
medokan,
meleset,
melulu,
menang,
menanggal,
mending,
menit,
mens,
merah,
merdeka,
mertua,
mesin,
meter,
metode,
milik,
milir,
milo,
mimpi,
minggu,
minimarket,
minum,
miris,
mobil,
mobilitas,
mode,
modern,
moga,
mohon,
mojo,
molor,
monopoli,
motor,
muda,
mudah,
mulas,
muncul,
mungkin,
naik,
nalar,
nama,
nan,
nasi,
negara,
negeri,
neng,
ngawur,
nginden,
nihil,
nila,
nomor,
nongol,
normal,
notifikasi,
nurani,
nyala,
nyaman,
oke,
orang,
pagesangan,
paham,
pakai,
pakuwon,
panas,
pandegiling,
pantau,
parah,
pasang,
pasar,
pasir,
pasok,
pbb,
pdam,
pecah,
pegesangan,
pelan,
pemberitahuan,
penuh,
perbaik,
percaya,
perempuan,
perhati,
perlu,
pesan,
pikir,
pilih,
pimpin,
pindah,
pipa,
pkl,
plastik,
plemahan,
po,
pokok,
polisi,
pompa,
posting,
pradah,
praktis,
prioritas,
profesional,
profil,
program,
progres,
prosedur,
proses,
proyek,
ptc,
puas,
puki,
punya,
purabaya,
putar,
putat,
putih,
putus,
qris,
rakyat,
ramah,
ramai,
rampung,
raya,
re,
rejo,
rekan,
repot,
republik,
responsif,
retail,
rezeki,
ribu,
rincian,
roket,
rt,
rugi,
rumah,
rungkut,
rusak,
rw,
sakit,
salah,
salam,
salat,
sambikerep,
sambung,
sambut,
sampah,
sampai,
sangar,
sari,
satria,
sawah,
sd,
sdm,
sebab,
sebentar,
sederhana,
sedia,
sedih,
segel,
sehat,
sejahtera,
sejuk,
sekitar,
sekolah,
sektor,
semangat,
sembada,
sembrono,
semenjak,
sempit,
senang,
sendok,
senin,
serah,
serius,
seru,
sesuai,
setia,
siap,
sibuk,
sidomulyo,
sidotopo,
silah,
siluman,
simo,
simpel,
sistem,
siwalan,
siwalankerto,
smp,
sms,
soerabaja,
solusi,
solutif,
sosial,
spesifik,
spk,
stop,
suami,
suasana,
subuh,
sukses,
sumber,
sumur,
sungai,
super,
suplai,
surabaya,
surat,
suruh,
survei,
surya,
susah,
swasembada,
swasta,
syarat,
tabung,
tagih,
tahan,
taman,
tambah,
tampil,
tanah,
tandon,
tangan,
tanggal,
tanggap,
tanggung,
tangki,
tari,
taruk,
tata,
tegalsari,
tekan,
teknisi,
teknologi,
telat,
telepon,
teman,
templat,
tengah,
terowongan,
terus,
tetangga,
tetiba,
tidak,
tidak_ada,
tidak_bantu,
tidak_bayar,
tidak_bingung,
tidak_bisa,
tidak_bos,
tidak_buang,
tidak_cek,
tidak_datang,
tidak_ganti,
tidak_gebyar,
tidak_jambang,
tidak_kelas,
tidak_kontrol,
tidak_lambat,
tidak_lancar,
tidak_layak,
tidak_mahal,
tidak_makan,
tidak_mandi,
tidak_melek,
tidak_niat,
tidak_nyaman,
tidak_orang,
tidak_panas,
tidak_pasti,
tidak_peduli,
tidak_pikir,
tidak_puas,
tidak_punya,
tidak_respons,
tidak_rugi,
tidak_rumah,
tidak_sebab,
tidak_survei,
tidak_tagih,
tidak_telat,
tidak_tidak,
tidak_tidur,
tidak_wa,
tidur,
tiket,
tim,
timur,
tindak,
tinggal,
tingkat,
tips,
ton,
top,
total,
totalitas,
transaksi,
transparan,
transparansi,
truk,
tugas,
tukang,
tulip,
tulis,
tumben,
tumpu,
tunggu,
tuntut,
turun,
tutup,
twin,
uang,
ulang,
umbul,
untung,
upacara,
urgensi,
urip,
urus,
usaha,
utama,
video,
virtual,
volt,
volume,
wangi,
warga,
warna,
welut,
wenang,
wetan,
whatsapp,
wib,
wonocolo,
wudu,
wujud,
yuk,
